#Purus,
#Pusan,
#Pusey,
#Pushkin,
#Pushtu,
#Putin,
#Putnam,
#Puzo,
#Pvt,
#Pygmalion,
#Pygmy,
#Pyle,
#Pym,
#Pynchon,
#Pyongyang,
#Pyotr,
#Pyrenees,
#Pyrex,
#Pyrrhic,
#Pythagoras,
#Pythagorean,
#Pythias,
#Python,
#
#Purus,
#Pusan,
#Pusey,
#Pushkin,
#Pushtu,
#Putin,
#Putnam,
#Puzo,
#Pvt,
#Pygmalion,
#Pygmy,
#Pyle,
#Pym,
#Pynchon,
#Pyongyang,
#Pyotr,
#Pyrenees,
#Pyrex,
#Pyrrhic,
#Pythagoras,
#Pythagorean,
#Pythias,
++Ogilvy,
++Oglethorpe,
++Ohio,
++Ohioan,
++Oise,
++Ojibwa,
++Okayama,
++Okeechobee,
++Okefenokee,
++Okhotsk,
++Okinawa,
++Okinawan,
++Okla,
++Oklahoma,
++Oklahoman,
++Oktoberfest,
++Ola,
++Olaf,
++Olajuwon,
++Olav,
++Oldenburg,
++Oldfield,
++Oldsmobile,
++Olduvai,
++Olen,
++Olenek,
++Olga,
++Oligocene,
++Olin,
++Olive,
++Oliver,
++Olivetti,
++Olivia,
++Olivier,
++Ollie,
++Olmec,
++Olmsted,
++Olsen,
++Olson,
++Olympia,
++Olympiad,
++Olympian,
++Olympic,
++Olympics,
++Olympus,
++Omaha,
++Oman,
++Omani,
++Omar,
++Omayyad,
++Omdurman,
++Omnipotent,
++Omsk,
++Onassis,
++Oneal,
++Onega,
++Onegin,
++Oneida,
++Onion,
++Ono,
++Onondaga,
++Onsager,
++Ont,
++Ontarian,
++Ontario,
++Oort,